ID,Name,Origin,Gender,Athenian Citizen,Roman Citizen,Family,Extended,Praenomen,Nomen,Cognomen,Onomos,Patronym,Demotic,Genos,Uncertain Person,RCA,PA,PAA,LGPN,Notes
2000,UNC Kanephoros,Athens,Male,TRUE,FALSE,,,,,,,,,,TRUE,,,,,
2001,Ameinokleia Philanthou,Athens,Female,TRUE,FALSE,,,,,,Ameinokleia,Philanthou,Phyle,,FALSE,,,,,
2002,Theophilos,Athens,Male,TRUE,FALSE,,,,,,Theophilos,Diodorou,Halai Aixonides,,FALSE,,,,,
2003,Philanthes,Athens,Male,TRUE,FALSE,,,,,,Philanthes,Diodorou,Halai Aixonides,,FALSE,,,,,
2004,Diopeithes,Athens,Male,TRUE,FALSE,,,,,,Diopeithes,Diodorou,Halai Aixonides,,FALSE,,,,,
2005,Eurydike,Athens,Female,TRUE,FALSE,,,,,,Eurydike,Diodorou,Halai Aixonides,,FALSE,,,,,
2006,[?] Heath-Initiate,Athens,Uncertain,TRUE,FALSE,,,,,,,,,,TRUE,,,,,
2007,[?] Father,Athens,Male,TRUE,FALSE,,,,,,,,,,TRUE,,,,,
2008,[?] Mother,Athens,Female,TRUE,FALSE,,,,,,,,,,TRUE,,,,,
2009,Dionysios Dionysiou,Athens,Male,TRUE,FALSE,,,,,,Dionysios,Dionysiou,Sphettos,,FALSE,,,,,
2010,Epiphaneia Hermolykou,Athens,Female,TRUE,FALSE,Athenagoridai,,,,,Epiphaneia,Hermolykou,Marathon,,FALSE,,,,,
2011,Epiphaneia II Athenagorou,Athens,Female,TRUE,FALSE,Athenagoridai,,,,,Epiphaneia,Athenagorou,Melite,,FALSE,,,,,
2012,Philemon,Athens,Male,TRUE,FALSE,,,,,,Philemon,,,,FALSE,,,,,
2013,Eusebeia Ariobarzanou,Cappadocia,Female,FALSE,FALSE,Ariobarzanid,,,,,Eusebeia,,,,FALSE,,,,,
2014,Ariobarzanes II Ariobarzanou I,Cappadocia,Male,FALSE,FALSE,Ariobarzanid,,,,,Aribarzanes,,,,FALSE,,,,,
2015,Athenais II Ariobazanou I,Cappadocia,Female,FALSE,FALSE,Ariobarzanid,,,,,Athenais,,,,FALSE,,,,,
2016,Ariobarzanes I Philoromaios,Cappadocia,Male,FALSE,FALSE,Ariobarzanid,,,,,Ariobarzanes,,,,FALSE,,,,,
2017,Athenais I Philostorgos,Cappadocia,Female,FALSE,FALSE,Ariobarzanid,,,,,Athenais,,,,FALSE,,,,,
2018,Athenais III Ariobarzanou II,Cappadocia,Female,FALSE,FALSE,Ariobarzanid,,,,,Athenais,,,,FALSE,,,,,
2019,Medeios Medeiou,Athens,Male,TRUE,FALSE,Medeiotes,,,,,Medeios,Medeiou,Peiraieus,,FALSE,,10099,,,
2020,Diphila Diokleous,Athens,Female,TRUE,FALSE,Medeiotes,,,,,Diphila,Diokleous,Melite,,FALSE,,,,,
2021,Timothea Medeiou,Athens,Female,TRUE,FALSE,Medeiotes,,,,,Timothea,Medeiou,Peiraieus,,FALSE,,,,,
2022,[?] Tamias,Athens,Male,TRUE,FALSE,,,,,,,,,,FALSE,,,,,
2023,T. Pinarius,Rome,Male,FALSE,TRUE,,,Titus,Pinarius,,,,,,FALSE,,,,,
2024,Ktesikleia Apollonioiu,Athens,Female,TRUE,FALSE,Hagnous/Acharnai Daduchs,,,,,Ktesikleia,Apolloniou,,,FALSE,,,,,
2025,Sophokles Xenokleous,Athens,Male,TRUE,FALSE,Hagnous/Acharnai Daduchs,,,,,Sophokles,Xenokleous,Akharnai,,FALSE,,,,,
2026,Kleokrateia Oinophilou,Athens,Female,TRUE,FALSE,Oinophilids,,,,,Kleokrateia,Oinophilou,Aphidnai,,FALSE,,,,,
2027,Kleo Dionysiou,Athens,Female,TRUE,FALSE,,,,,,Kleo,Dionysiou,Ikarion,,FALSE,,,,,
2028,Khairion Dionysiou,Athens,Male,TRUE,FALSE,,,,,,Khairion,Dionysiou,Marathon,,FALSE,,,,,
2029,[?] Heath-Initiate,Athens,Uncertain,TRUE,FALSE,,,,,,,,,,FALSE,,,,,
2030,[?] Heath-Initiate,Athens,Uncertain,TRUE,FALSE,,,,,,,,,,FALSE,,,,,
2031,[?] Priestess of Demeter & Kore,Athens,Female,TRUE,FALSE,,,,,,,,,,FALSE,,,,,
2032,[?] Daduch from Hagnous,Athens,Male,TRUE,FALSE,Hagnous/Acharnai Daduchs,,,,,,,Hagnous,,FALSE,,,,,
2033,Dionysios Athenagorou,Athens,Male,TRUE,FALSE,Athenagoridai,,,,,Dionysios,Athenagorou,Melite,,FALSE,,,,,
2034,Quintus Pompeius Auli,Rome,Male,FALSE,TRUE,,,Quintus,Pompeius,,,Auli,,,FALSE,,,,,
2035,Aulus Pompeius Auli,Rome,Male,FALSE,TRUE,,,Aulus,Pompeius,,,Auli,,,FALSE,,,,,
2036,Sextus Pompeius Auli,Rome,Male,FALSE,TRUE,,,Sextus,Pompeius,,,Auli,,,FALSE,,,,,
2037,[?] Hierophantis Amphiou,Athens,Female,TRUE,FALSE,,,,,,,Amphiou,,,FALSE,,,,,
2038,L. Munatius Plancus,Rome,Male,FALSE,TRUE,,,Lucius,Munatius,Plancus,,,,,FALSE,,,,,
2039,Ap. Claudius Pulcher,Rome,Male,FALSE,TRUE,,,Appius,Claudius,Pulcher,,,,,FALSE,,,,,
2040,Pulcher Claudius,Rome,Male,FALSE,TRUE,,,Pulcher,Claudius,,,,,,FALSE,,,,,
2041,Rex Marcius,Rome,Male,FALSE,TRUE,,,Rex,Marcius,,,,,,FALSE,,,,,
2042,Khrysothemis Phaidrou,Athens,Female,TRUE,FALSE,Phaidrid,,,,,Khrysothemis,Phaidrou,Berenikidai,,FALSE,,,,,"She forms a marriage line with a Leonides of Melite, an ancestor of Leonid Claudii"
2043,Phaidros Lysiadou,Athens,Male,TRUE,FALSE,Phaidrid,,,,,Phaidros,Lysiadou,Berenikidai,,FALSE,,,,,
2044,Pomponianus Atticus,Rome,Male,FALSE,TRUE,,,Quintus,Pomponianus,Atticus,,,,,FALSE,,,,,
2045,Lysiades Phaidrou,Athens,Female,TRUE,FALSE,Phaidrid,,,,,Lysiades,Phaidrou,Berenikidai,,FALSE,,,,,
2046,Sempronia,Rome,Female,FALSE,TRUE,,,Sempronia,,,,Lucii,,,FALSE,,,,,
2047,L. Gellius Publicola,Rome,Male,FALSE,TRUE,,,Lucius,Gellius,Publicola,,,,,FALSE,,,,,
2048,G. Creperius,Rome,Male,FALSE,TRUE,,,Gaius,Creperius,,,,,,FALSE,,,,,
2049,M. Titius,Rome,Male,FALSE,TRUE,,,Marcus,Titius,,,,,,FALSE,,,,,
2050,Kallikratides Syndromou,Athens,Male,TRUE,FALSE,Oinophilids,,,,,Kallikratides,Syndromou,,,FALSE,,,,,"Adopted Oinophilos of Trikorynthos, eventually leading to Tiberius Claudius Oinophilos (Hierophant)"
2051,Livia Drusilla,Rome,Female,FALSE,TRUE,Julio-Claudian,,Livia,Drusilla,,,,,,FALSE,,,,,
2052,Augustus,Rome,Male,FALSE,TRUE,Julio-Claudian,,Imperator,Caesar,Augustus,,,,,FALSE,,,,,
2054,Theophrastos Themistokleous,Athens,Male,TRUE,FALSE,Hagnous/Acharnai Daduchs,,,,,Theophrastos,Themistokleous,Hagnous,,FALSE,,,,,
2055,Lamidion Apolexidos,Athens,Male,TRUE,FALSE,,,,,,Lamidion,Apolexidos,Oion,,FALSE,,,,,
2056,Apolexis I,Athens,Male,TRUE,FALSE,,,,,,Apolexis,,Oion,,FALSE,,,,,
2057,Ladameia Lysandrou,Athens,Female,TRUE,FALSE,,,,,,Ladameia,Lysandrou,Peiraieus,,FALSE,,,,,
2058,Apolexis II,Athens,Male,TRUE,FALSE,,,,,,Apolexis,Apolexidos,Oion,,FALSE,,,,,
2059,Metrophanes Dionysiou,Athens,Male,TRUE,FALSE,,,,,,Metrophanes,Dionysiou,,,FALSE,,,,,
2060,Menophilos Satyrou,Athens,Male,TRUE,FALSE,,,,,,Menophilos,Satyrou,,,FALSE,,,,,
2061,Diotimos Diodorou,Athens,Male,TRUE,FALSE,,,,,,Diotimos,Diodorou,,,FALSE,,,,,
2062,Epikrates Kallimakhou,Athens,Male,TRUE,FALSE,,,,,,Epikrates,Kallimakhou,,,FALSE,,,,,
2063,Leontios Timarkhou Kephesieos,Athens,Male,TRUE,FALSE,,,,,,Leontios,Kephesieos,,,FALSE,,,,,
2064,Dionysios Demostratos,Athens,Male,TRUE,FALSE,,,,,,Dionysios,Demostratos,,,FALSE,,,,,
2065,Theophilos Menekrates,Athens,Male,TRUE,FALSE,,,,,,Theophilos,Menekrates,,,FALSE,,,,,
2066,Gorgippos Eudemos,Athens,Male,TRUE,FALSE,,,,,,Gorgippos,Eudemos,,,FALSE,,,,,
2067,Dositheos Kleomenes,Athens,Male,TRUE,FALSE,,,,,,Dositheos,Kleomenes,,,FALSE,,,,,
2068,Aristodemos Argeiou,Athens,Male,TRUE,FALSE,,,,,,Aristodemos,Argeiou,,,FALSE,,,,,
2069,Menneos Menneou,Athens,Male,TRUE,FALSE,,,,,,Menneos,Menneou,,,FALSE,,,,,
2070,Philemon Philemonos,Athens,Male,TRUE,FALSE,,,,,,Philemon,Philemonos,,,FALSE,,,,,
2071,Apolexis Apellikontos,Athens,Male,TRUE,FALSE,,,,,,Apolexis,Apellikontos,,,FALSE,,,,,
2072,Demokhares Menandros,Athens,Male,TRUE,FALSE,,,,,,Demokhares,Menandros,,,FALSE,,,,,
2073,Sarapion Diokleous,Athens,Male,TRUE,FALSE,,,,,,Sarapion,Diokleous,,,FALSE,,,,,
2074,Diokles Diokleous,Athens,Male,TRUE,FALSE,,,,,,Diokles,Diokleous,,,FALSE,,,,,
2075,Arkhitimos Arkhitimou,Athens,Male,TRUE,FALSE,,,,,,Arkhitimos,Arkhitimou,,,FALSE,,,,,
2076,Themistokles Xenokleous,Athens,Male,TRUE,FALSE,Hagnous/Acharnai Daduchs,,,,,Themistokles,Xenokleous,,,FALSE,,,,,
2077,Dionysodoros Dionysodorou,Athens,Male,TRUE,FALSE,,,,,,Dionysodoros,Dionysodorou,,,FALSE,,,,,
2078,Kikhesias Leontos,Athens,Male,TRUE,FALSE,,,,,,Kikhesias,Leontos,,,FALSE,,,,,
2079,Apollonios Ktesikleous,Athens,Male,TRUE,FALSE,,,,,,Apollonios,Ktesikleous,,,FALSE,,,,,
2080,Demostratos Dionysiou,Athens,Male,TRUE,FALSE,,,,,,Demostratos,Dionysiou,,,FALSE,,,,,
2081,Timosthenes Timarkhou,Athens,Male,TRUE,FALSE,,,,,,Timosthenes,Timarkhou,,,FALSE,,,,,
2082,Menandros Demokharous,Athens,Male,TRUE,FALSE,,,,,,Menandros,Demokharous,,,FALSE,,,,,
2083,Aristaikhmos Ammoniou,Athens,Male,TRUE,FALSE,,,,,,Aristaikhmos,Ammoniou,,,FALSE,,,,,
2084,Sophokles Philotou,Athens,Male,TRUE,FALSE,,,,,,Sophokles,Philotou,,,FALSE,,,,,
2085,Dionysodoros Deiradiotou,Athens,Male,TRUE,FALSE,,,,,,Dionysodoros,Deiradiotou,,,FALSE,,,,,
2086,Iophon Dionysodoros Deiradiotes,Athens,Male,TRUE,FALSE,,,,,,Iophon,Deiradiotes,,,FALSE,,,,,
2087,Alexandros Agathokleous,Athens,Male,TRUE,FALSE,,,,,,Alexandros,Agathokleous,,,FALSE,,,,,
2088,Euphron Euphrontos,Athens,Male,TRUE,FALSE,,,,,,Euphron,Euphrontos,,,FALSE,,,,,
2089,Seleukos Demeou,Athens,Male,TRUE,FALSE,,,,,,Seleukos,Demeou,,,FALSE,,,,,
2090,Mikion Philokratou,Athens,Male,TRUE,FALSE,,,,,,Mikion,Philokratou,,,FALSE,,,,,
2091,Themistokles II Theophrastou,Athens,Male,TRUE,FALSE,Hagnous/Acharnai Daduchs,,,,,Themistokles,Theophrastou,,,FALSE,,,,,
2092,Themistokles I Theophrastou,Athens,Male,TRUE,FALSE,Hagnous/Acharnai Daduchs,,,,,Themistokles,Theophrastou,,,FALSE,,,,,
2093,Leontios Sophokleous,Athens,Male,TRUE,FALSE,Hagnous/Acharnai Daduchs,,,,,Leontios,Sophokleous,,,FALSE,,,,,
2094,Philoxenidos (Sophokleous),Athens,Male,TRUE,FALSE,Hagnous/Acharnai Daduchs,,,,,Philoxenidos,Sophokleous,,,FALSE,,,,,
2095,Kephisodoros,Athens,Male,TRUE,FALSE,Hagnous/Acharnai Daduchs,,,,,Kephisodoros,Kephisodoros,,,FALSE,,,,,
2096,Philistides,Athens,Male,TRUE,FALSE,Hagnous/Acharnai Daduchs,,,,,Philistides,Philistides,,,FALSE,,,,,
2097,Philoxenis,Athens,Male,TRUE,FALSE,Hagnous/Acharnai Daduchs,,,,,Philoxenis,Philoxenis,,,FALSE,,,,,
2098,Themistokles A(TBD),Athens,Male,TRUE,FALSE,Hagnous/Acharnai Daduchs,,,,,Themistokles,,,,FALSE,,,,,
2099,Antiphon,Athens,Male,TRUE,FALSE,Hagnous/Acharnai Daduchs,,,,,Antiphon,Antiphon,,,FALSE,,,,,
2100,Hermoteimos,Athens,Male,TRUE,FALSE,Hagnous/Acharnai Daduchs,,,,,Hermoteimos,Hermoteimos,,,FALSE,,,,,
2101,Hierokleides,Athens,Male,TRUE,FALSE,Hagnous/Acharnai Daduchs,,,,,Hierokleides,Hierokleides,,,FALSE,,,,,
2102,Semon,Athens,Male,TRUE,FALSE,Hagnous/Acharnai Daduchs,,,,,Semon,Semon,,,FALSE,,,,,
2103,Sophokles Theophrastou,Athens,Male,TRUE,FALSE,Hagnous/Acharnai Daduchs,,,,,Sophokles,Theophrastou,,,FALSE,,,,,
2104,[?] Hearth-Initiate Themistokleous,Athens,Male,TRUE,FALSE,Hagnous/Acharnai Daduchs,,,,,,Themistokleous,,,FALSE,,,,,
2105,Antiokhos Demetriou,Athens,Male,TRUE,FALSE,,,,,,Antiokhos,Demetriou,,,FALSE,,,,,
2106,Polyainos Nikandrou,Athens,Male,TRUE,FALSE,,,,,,Polyainos,Nikandrou,,,FALSE,,,,,
2107,Theophile,Athens,Female,TRUE,FALSE,,,,,,Theophile,Theophile,,,FALSE,,,,,
2108,[.]kleides,Athens,Male,TRUE,FALSE,,,,,,,,,,TRUE,,,,,
2109,Phainarete Att[.],Athens,Female,TRUE,FALSE,,,,,,Phainarete,,,,TRUE,,,,,
2110,Diotima,Athens,Female,TRUE,FALSE,,,,,,Diotima,Diotima,,,FALSE,,,,,
2111,Diodotos Kalliphontos,Athens,Male,TRUE,FALSE,,,,,,Diodotos,Kalliphontos,,,FALSE,,,,,
2112,Sosibios,Other/Uncertain,Male,FALSE,FALSE,,,,,,Sosibios,Sosibios,,,FALSE,,,,,
2113,Hipparkhos,Athens,Male,TRUE,FALSE,,,,,,Hipparkhos,Hipparkhos,,,FALSE,,,,,
2114,Dionysios Dionysiou,Athens,Male,TRUE,FALSE,,,,,,Dionysios,Dionysiou,,,FALSE,,,,,
2115,Diodot[.],Athens,Male,TRUE,FALSE,,,,,,,Diodot,,,TRUE,,,,,
2116,[?] Heath-Initiate,Athens,Male,TRUE,FALSE,,,,,,,Initiate,,,TRUE,,,,,
2117,Ithake,Athens,Female,TRUE,FALSE,,,,,,Ithake,Ithake,,,FALSE,,,,,
2118,[?] Heath-Initiate,Athens,Uncertain,TRUE,FALSE,,,,,,,Initiate,,,TRUE,,,,,
2119,[?] Hearth-Initiate,Athens,Uncertain,TRUE,FALSE,,,,,,,Initiate,,,TRUE,,,,,
2120,Attikos Attikou,Athens,Male,TRUE,FALSE,,,,,,Attikos,Attikou,,,FALSE,,,,,
2121,Atheno Niketou,Athens,Male,TRUE,FALSE,,,,,,Atheno,Niketou,,,FALSE,,,,,
2122,Pammenes Pammenous,Athens,Male,TRUE,FALSE,,,,,,Pammenes,Pammenous,,,FALSE,,,,,
2123,Hierophantis Mos[kh.],Athens,Female,TRUE,FALSE,,,,,,Hierophantis,,,,TRUE,,,,,
2124,Antamenes Leontikhou,Athens,Male,TRUE,FALSE,,,,,,Antamenes,Leontikhou,,,FALSE,,,,,
2125,Dione Pasikratous,Athens,Female,TRUE,FALSE,,,,,,Dione,Pasikratous,,,FALSE,,,,,
2126,[?] Kourotrophos,Athens,Male,TRUE,FALSE,,,,,,,Kourotrophos,,,TRUE,,,,,
2127,[O?]knia Polykharmou,Athens,Female,FALSE,FALSE,,,,,,,Polykharmou,,,TRUE,,,,,
2128,Polykharmos Polykritos,Athens,Male,TRUE,FALSE,,,,,,Polykharmos,Polykritos,,,FALSE,,,,,
2129,Emperor Tiberius,Rome,Male,FALSE,TRUE,,Imperial,Tiberius,,,,Tiberius,,,FALSE,,,,,
2130,Theophilos Eudoxou,Athens,Male,TRUE,FALSE,,,,,,Theophilos,Eudoxou,,,FALSE,,,,,
2131,Menandros Asklepiodotou,Athens,Male,TRUE,FALSE,,,,,,Menandros,Asklepiodotou,,,FALSE,,,,,
2132,Kleo Eukleous,Athens,Female,TRUE,FALSE,,Herodian,,,,Kleo,Eukleous,,,FALSE,,,,,
2133,Papios Marathonios,Athens,Male,TRUE,FALSE,,,,,,Papios,Marathonios,,,FALSE,,,,,
2134,Iulia Augusta,Rome,Female,FALSE,TRUE,,Imperial,,,,Iulia,Augusta,,,FALSE,,,,,
2135,Nikodemos Hermeiou,Athens,Male,TRUE,FALSE,,,,,,Nikodemos,Hermeiou,,,FALSE,,,,,
2136,Praxagoras,Athens,Male,TRUE,FALSE,,,,,,Praxagoras,Praxagoras,,,FALSE,,,,,
2137,[.]ios Aulus Marathonios,Rome,Male,TRUE,TRUE,,,,,,,Marathonios,,,TRUE,,,,,
2138,Polykharmos Eukleous,Athens,Male,TRUE,FALSE,,Herodian,,,,Polykharmos,Eukleous,,,FALSE,,,,,
2139,Eimertos Polykharmos,Athens,Male,TRUE,FALSE,,,,,,Eimertos,Polykharmos,,,FALSE,,,,,
2140,T. Statilius Lamprias,Rome,Male,FALSE,TRUE,,,Titus,Statilius,,,,Lamptrai,,FALSE,,,,,
2141,Kleophatra Iophontos,Athens,Female,TRUE,FALSE,,,,,,Kleophatra,Iophontos,,,FALSE,,,,,
2142,P. Papinius Statius,Rome,Male,FALSE,TRUE,,,Publius,Papinius,Statius,,Statius,,,FALSE,,,,,
2143,"[.]on, Consul",Rome,Male,FALSE,TRUE,,,,,,,,,,FALSE,,,,,
2144,Diokles Themistokles Hagnousios,Athens,Male,TRUE,FALSE,,,,,,Diokles,Themistokleous,,Hagnous,FALSE,,,,,
2145,Athenais Diokleous,Athens,Female,TRUE,FALSE,,,,,,Athenais,Diokleous,,,FALSE,,,,,
2146,M. Porcius Cato,Rome,Male,FALSE,TRUE,,,Marcus,Porcius,Cato,,,,,FALSE,,,,,
2147,Seilon Apolloniou,Athens,Male,TRUE,FALSE,,,,,,Seilon,Apolloniou,,,FALSE,,,,,
2148,Apollonios Seilonos,Athens,Male,TRUE,FALSE,,,,,,Apollonios,Seilonos,,,FALSE,,,,,
2149,G. Caecilius Cassius,Rome,Male,FALSE,TRUE,,,Gaius,Caecilius,Cassius,,,,,FALSE,,,,,
2150,Statilia [.],Rome,Female,FALSE,TRUE,,,,Statilia,,,,,,TRUE,,,,,
2151,Ti. Kl. Eukles Sostratou,Athens,Male,TRUE,TRUE,,Herodian,Tiberius,Claudius,,Eukles,Sostratou,,,FALSE,,,,,
2152,Iulia Agrippina,Rome,Female,FALSE,TRUE,Julio-Claudian,Imperial,,Iulia,Agrippina,,,,,FALSE,,,,,
2153,[?] Brother of Ti. Kl. Eukles Sostratou,Athens,Male,TRUE,TRUE,,Herodian,Tiberius,Claudius,,,Sostratou,,,TRUE,,,,,
2154,Ti. Kl. Nouios Philinou,Athens,Male,TRUE,TRUE,,,Tiberius,Claudius,,Nouios,Philinou,,,FALSE,,,,,
2155,G. Iul. Polkhos Sounieus,Athens,Male,TRUE,TRUE,,,Gaius,Iulius,,Polkhos,,Sounion,,FALSE,Iulius 30,,,,
2156,Ti. Kl. Demostratos,Athens,Male,TRUE,TRUE,Demostratid,Claudii of Melite,Tiberius,Claudius,,Demostratos,,Sounion,,FALSE,Claudius 94,,,,
2157,Ti. Kl. Neikoteles,Athens,Male,TRUE,TRUE,Demostratid,Claudii of Melite,Tiberius,Claudius,,Neikoteles,,Sounion,,FALSE,Claudius 93,,,,
2158,Klaudia Philippe,Athens,Female,TRUE,TRUE,Demostratid,Claudii of Melite,,Claudia,,Philippe,Philippe,Sounion,,FALSE,Claudius 95,,,,"Wife of T. Kl. Sospis (2nd marriage). They Form Leonid-Demostratid Bridge. They sired T. Kl. Lysiades (159), Tib. Kl. Demostratos (160), T. Kl. Leonides (161), Kl. Philippe (162).  First marriage was with an Ephesian. OR Daughter of T. Kl. Sospis & Kl. Philippe, thus of the first generation post alliance bridge"
2159,Kl. Asklepiodoros,Athens,Male,TRUE,TRUE,,,,Claudius,,Asklepiodoros,,,,FALSE,,,,,
2160,Kl. [?] Asklepiodorou,Athens,Male,TRUE,TRUE,,,,Claudius,,,Asklepiodorou,,,TRUE,,,,,
2161,[?] Exegete of Eumolpidai,Athens,Male,FALSE,FALSE,,,,,,,,,Eumolpid,TRUE,,,,,
2162,Iul. Nikanor,Syria,Male,FALSE,TRUE,,,,Iulius,,Nikanor,,,,FALSE,,,,,
2163,[?] Emperor,Rome,Male,FALSE,TRUE,,Imperial,,,,,,,,TRUE,,,,,
2164,[?] Imperial Priest,Athens,Male,TRUE,FALSE,,,,,,,,,,TRUE,,,,,
2165,Ti. Kl. Hipparkhos Herodou,Athens,Male,TRUE,TRUE,,Herodian,Tiberius,Claudius,,Hipparkhos,Herodou,,,FALSE,,,,,
2166,Kl. Alkia,Athens,Female,TRUE,TRUE,,Herodian,,Claudia,,Alkia,,,,FALSE,,,,,
2167,T. Fl. Sophokles T. Fl. Kononos,Athens,Male,TRUE,TRUE,,,Titus,Flavius,,Sophokles,Kononos,Sounion,,FALSE,Flavius 66,,,,
2168,Fl. Sophia,Athens,Female,TRUE,TRUE,,,,,,Sophia,Sophia,Sounion,,FALSE,Flavius 64,,,,
2169,T. Fl. Konon Kononos,Athens,Male,TRUE,TRUE,,TBD,,,,Konon,Kononos,Sounion,,FALSE,Flavius 67,,,,
2170,Kl. Tartarion Menandrou,Athens,Female,TRUE,TRUE,,TBD,,Claudia,,Tartarion,Menandrou,,,FALSE,Claudius 64,,,,
2171,P. Fulvius Maximos Sounieus,Athens,Male,TRUE,TRUE,,TBD,Publius,Fulvius,,Maximos,,Sounion,,FALSE,,,,,
2172,P. Fulvius Metrodoros,Athens,Male,TRUE,TRUE,,TBD,Publius,Fulvius,,Metrodoros,,,,FALSE,,,,,
2173,Kl. Philoxena Patronos,Athens,Female,TRUE,TRUE,,,,Claudia,,Philoxena,Patronos,,,FALSE,,,,,
2174,Ti. Kl. Lysiades Patronos,Athens,Male,TRUE,TRUE,,TBD,Tiberius,Claudius,,Lysiades,Patronos,,,FALSE,,,,,
2175,Kl. Timothea,Athens,Female,TRUE,TRUE,,,,Claudia,,Timothea,Timothea,,,FALSE,,,,,
2176,G. Kl. Seilianos Polykritos,Athens,Male,TRUE,TRUE,,,Gaius,Claudius,,Seilianos,Polykritos,,,FALSE,,,,,
2177,Kl. [?] Father of Seilianos,Athens,Male,TRUE,TRUE,,,,Claudius,,Seilianos,Seilianos,,,TRUE,,,,,
2178,Kl. [?] Mother of Seilianos,Athens,Male,TRUE,TRUE,,,Claudia,,,,Seilianos,,,TRUE,,,,,
2179,Zophyros Zopyrou,Athens,Male,TRUE,FALSE,,,,,,Zophyros,Zopyrou,,,FALSE,,,,,
2180,Ammonios Kholleides,Athens,Male,TRUE,FALSE,,,,,,Ammonios,,Kholleidai,,FALSE,,,,,
2181,[?] Wife of Ammonios Kholleides,Athens,Female,TRUE,FALSE,,,,,,,,Kholleidai,,TRUE,,,,,
2182,Thrasyllos Ammoniou,Athens,Male,TRUE,FALSE,,,,,,Thrasyllos,Ammoniou,,,FALSE,,,,,
2183,Eraton Eratonos,Athens,Male,TRUE,FALSE,,,,,,Eraton,Eratonos,,,FALSE,,,,,
2184,[?] Priestess of Demeter & Kore,Athens,Female,FALSE,FALSE,,,,,,,,,,TRUE,,,,,
2185,Athenais,Athens,Female,TRUE,FALSE,,,,,,Athenais,,,,FALSE,,,,,
2186,[.]ppos Herokleitou,Athens,Male,TRUE,FALSE,,,,,,,Herokleitou,,,FALSE,,,,,
2187,Kl. Theophilos,Athens,Male,TRUE,TRUE,Theophilid,,,Claudius,,Theophilos,,,,FALSE,Claudius 118,,,,
2188,Kl. Sostratos,Athens,Male,TRUE,TRUE,Theophilid,,,,,Sostratos,,,,FALSE,Claudius 119,,,,
2189,T. Fl [?],Athens,Uncertain,FALSE,FALSE,,,,,,,,,,TRUE,,,,,
2190,L. Pompeius [?],Rome,Male,FALSE,TRUE,,,Lucius,Pompeius,,,,,,FALSE,,,,,
2191,L. Pompeius Pompeiou,Rome,Male,FALSE,TRUE,,,Lucius,Pompeius,,,Pompeiou,,,FALSE,,,,,
2192,Agothokles Agothokleous,Athens,Male,TRUE,FALSE,,,,,,Agothokles,Agothokleous,,,FALSE,,,,,
2193,[?] Daughter of Dionysios,Athens,Female,FALSE,FALSE,,,,,,,Dionysiou,,,TRUE,,,,,
2194,[?] Themistokl[.],Athens,Male,FALSE,FALSE,,,,,,,,,,TRUE,,,,,
2195,[?] Son of Tryphon Phylasios,Athens,Male,TRUE,FALSE,,,,,,,,Phyle,,TRUE,,,,,
2196,Tryphon Phylasios,Athens,Male,TRUE,FALSE,,,,,,Tryphon,,Phyle,,FALSE,,,,,
2197,[?] Daughter of [A?]bans Akharneus,Athens,Female,TRUE,FALSE,,,,,,,,Akharnai,,FALSE,,,,,
2198,[?] Kanephoros,Athens,Male,TRUE,FALSE,,,,,,,,,,FALSE,,,,,
2199,Kl. [?],Athens,Uncertain,TRUE,TRUE,,,,Claudius,,,,,,TRUE,,,,,
2200,Dione,Athens,Female,TRUE,FALSE,,,,,,Dione,,,,FALSE,,,,,
2201,[?] Daughter of [.]dous,Athens,Female,TRUE,FALSE,,,,,,,,,,FALSE,,,,,
2202,[.]okleia wife of Metrodoros,Athens,Female,TRUE,FALSE,,,,,,,,,,FALSE,,,,,
2203,Metrodoros II Metrodorou,Athens,Male,TRUE,FALSE,,TBD,,,,Metrodoros,Metrodorou,,,FALSE,,,,,
2204,Antio Metrodorou,Athens,Male,TRUE,FALSE,,,,,,Antio,Metrodorou,,,FALSE,,,,,
2205,Curtia Straontike,Athens,Female,TRUE,TRUE,,,,Curtia,,Stratonike,,,,FALSE,,,,,
2206,Kallisto Kallimakhou,Athens,Female,TRUE,FALSE,,,,,,Kallisto,Kallimakhou,,,FALSE,,,,,
2207,Kallikleia,Athens,Female,TRUE,FALSE,,,,,,Kallikleia,,,,FALSE,,,,,
2208,Kallimakhos,Athens,Male,TRUE,FALSE,,,,,,Kallimakhos,,,,FALSE,,,,,
2209,Areios,Athens,Male,TRUE,FALSE,,,,,,Areios,,,,FALSE,,,,,
2210,Apollonios Apolloniou,Athens,Male,TRUE,FALSE,,,,,,Apollonios,Apolloniou,,,FALSE,,,,,
2211,Fl. Pamphilie,Athens,Female,TRUE,TRUE,,,,Flavia,,Pamphile,,,,FALSE,,,,,
2212,T. [?],Other/Uncertain,Uncertain,TRUE,TRUE,,,,,,,,,,TRUE,,,,,
2213,[?] Eubiou,Athens,Male,TRUE,FALSE,,,,,,,Eubiou,,,TRUE,,,,,
2214,[?] Son of Konon,Athens,Male,FALSE,FALSE,,,,,,,Konos,,,TRUE,,,,,
2215,[?] Priestess of Demeter & Kore,Athens,Female,TRUE,FALSE,,,,,,,,,,TRUE,,,,,
2216,[?] Priestess of Demeter & Kore,Athens,Female,TRUE,FALSE,,,,,,,,,,TRUE,,,,,
2217,Kl. D[?],Athens,Uncertain,TRUE,TRUE,,,,Claudius,,,,,,TRUE,,,,,
2218,[?] Hearth-Initiate,Athens,Uncertain,TRUE,FALSE,,,,,,,,,,TRUE,,,,,
2219,[?] Woman,Athens,Female,FALSE,FALSE,,,,,,,,,,TRUE,,,,,
2220,[?] Husband of Woman,Athens,Male,TRUE,FALSE,,,,,,,,,,TRUE,,,,,
2221,Hierophantis Perikleous,Athens,Female,TRUE,FALSE,,,,,,,Perikleous,,,FALSE,,,,,
2222,Pose Poseous,Athens,Female,TRUE,FALSE,,TBD,,,,Pose,Poseous,,,FALSE,,,,,
2223,Fl. Laodameia Kleitou,Athens,Female,TRUE,TRUE,,TBD,,Flavia,,Laodameia,Kleitou,,,FALSE,,,,,
2224,Sotas And[.],Other/Uncertain,Male,FALSE,FALSE,,,,,,Sotas,,,,FALSE,,,,,
2225,[?] Priest,Athens,Male,TRUE,FALSE,,,,,,,,,,TRUE,,,,,
2226,Ti. Kl. Herodes Attikos Kl. Attikou,Athens,Male,TRUE,TRUE,,Herodian,Tiberius,Claudius,Atticus,Herodes,Attikou,Marathon,,FALSE,,,,,
2227,Kl. Attikou,Athens,Male,TRUE,TRUE,,Herodian,,Claudia,,,Attikou,,,FALSE,,,,,
2228,Viboullia Alkia,Athens,Female,TRUE,TRUE,,Herodian,,Vibulla,,Alkia,,,,FALSE,,,,,
2229,Cocceius Censorinus,Rome,Male,FALSE,TRUE,,,,Cocceius,Censorinus,,,,,FALSE,,,,,
2230,Agrius Saturninus,Rome,Male,FALSE,TRUE,,,,Agrius,Saturninus,,,,,FALSE,,,,,
2231,Ael. Lysistrate,Athens,Female,TRUE,TRUE,,TBD,,Aelius,Lysistrate,Ael,Lysistrate,,,FALSE,,,,,
2232,L. P[?] Husband of Ael. Lysistrate,Athens,Male,TRUE,TRUE,,TBD,Lucius,,,,,,,TRUE,,,,,
2233,Athenaios Epaphrodeitos Athenaiou,Athens,Male,TRUE,FALSE,,TBD,,,,Athenaios Epaphrodeitos,Athenaiou,,,FALSE,,,,,
2234,Athenaios Perikonikos,Athens,Male,TRUE,FALSE,,,,,,Athenaios,,,,FALSE,,,,,
2235,Vipsania Lailiane,Athens,Female,TRUE,TRUE,,,,Vipsania,,Lailiane,,,,FALSE,,,,,
2236,T. Vipsanius [.] Flavianos,Athens,Male,TRUE,TRUE,,,Titus,Vipanius,,Flavianos,,,,FALSE,,,,,
2237,[?] Son of Heroxenos Marathonios,Athens,Male,TRUE,FALSE,,,,,,,Heroxenou,Marathon,Keryx,TRUE,,,,,
2238,Polemon Heroxenou,Athens,Male,TRUE,FALSE,,,,,,Polemon,Heroxenou,Marathon,Keryx,FALSE,,,,,
2239,G. Memmius Sabeinos Peisandros,Athens,Male,TRUE,TRUE,,,Gaius,Memmius,Sabeinos,Peisandros,,,,FALSE,,,,,
2240,Thrasyllos Kholleides,Athens,Male,TRUE,FALSE,,,,,,Thrasyllos,,Kholleidai,,FALSE,,,,,
2241,Emperor Hadrian,Rome,Male,FALSE,TRUE,,Imperial,,Hadrian,,,,,,FALSE,,,,,
2242,Olympius,Athens,Male,TRUE,FALSE,,,,,,Olympius,,,,FALSE,,,,,
2243,[?] Emperor,Rome,Male,FALSE,TRUE,,Imperial,,,,,,,,TRUE,,,,,
2244,[?] Emperor,Rome,Male,FALSE,TRUE,,Imperial,,,,,,,,TRUE,,,,,
2245,[?] Emperor,Rome,Male,FALSE,TRUE,,Imperial,,,,,,,,TRUE,,,,,
2246,Panhellenios,Rome,Male,FALSE,TRUE,,Imperial,,,,,,,,TRUE,,,,,
2247,Hierophantis Daughter of Demetrios,Athens,Female,TRUE,FALSE,,,,,,,Demetriou,,,FALSE,,,,,
2248,Demetrios,Athens,Male,TRUE,FALSE,,,,,,Demetrios,,,,FALSE,,,,,
2249,Marcianus,Rome,Male,FALSE,TRUE,,,,,Marcianus,,,,,FALSE,,,,,
2250,L. Vipsanius Aiolion,Athens,Male,TRUE,TRUE,,TBD,Lucius,Vipsanius,,Aiolion,,,,FALSE,,,,,
2251,L. Vipsanius Lailianos,Athens,Male,TRUE,TRUE,,TBD,Lucius,Vipsanius,,Lailianos,,,,FALSE,,,,,
2252,[?] Relative of L. Vipsanius Aiolion,Athens,Uncertain,TRUE,TRUE,,TBD,Lucius,Vipsanius,,,,,,TRUE,,,,,
2253,Iunia [?] Iun. Patronos,Athens,Female,TRUE,TRUE,,TBD,,Iunia,,,Patronos,,,TRUE,,,,,
2254,Iun. Patron,Athens,Male,TRUE,TRUE,,TBD,,Iunius,,Patron,,,,FALSE,,,,,
2255,Annia Aristokleia,Athens,Female,TRUE,TRUE,,TBD,,Annia,,Aristokleia,,,,FALSE,,,,,
2256,Annius Thrasyllos,Athens,Male,TRUE,TRUE,,TBD,,Annius,,Thrasyllos,,,,FALSE,,,,,
2257,L. Nummius Andreas Menidos,Athens,Male,TRUE,TRUE,,Nummii of Bassa,Lucius,Nummius,Andreas,Menidos,,,,FALSE,,,,,
2258,Nummia Bassa,Athens,Female,TRUE,TRUE,,Nummii of Bassa,,Nummia,,,,Bassa,,FALSE,,,,,
2259,L. Nummius Hierokeryx,Athens,Male,TRUE,TRUE,,Nummii of Bassa,Lucius,Nummius,,,,,,FALSE,,,,,
2260,Nummia Kleo,Athens,Female,TRUE,TRUE,,Nummii of Bassa,,Nummia,,Kleo,,,,FALSE,,,,,
2261,Ti. Kl. Attikos Marathonios,Athens,Male,TRUE,TRUE,,Herodian,Tiberius,Clauius,Atticus,Attikos,,Marathon,,FALSE,,,,,
2262,Annia Faustina,Rome,Female,FALSE,TRUE,,Imperial,,Annia,Faustina,,,,,FALSE,,,,,
2263,Emperor Antoninus Pius,Rome,Male,FALSE,TRUE,,Imperial,,Antoninus,Pius,,,,,FALSE,,,,,
2264,Emperor Marcus Aurelius,Rome,Male,FALSE,TRUE,,Imperial,Marcus,Aurelius,,,,,,FALSE,,,,,
2265,Domitia Lucilla,Rome,Female,FALSE,TRUE,,Imperial,,Domitia,Lucilla,,,,,FALSE,,,,,
2266,Nummius Nigreinos,Athens,Male,TRUE,TRUE,,Nummii of Bassa,,Nummius,,Nigreinos,,,,FALSE,,,,,
2267,Menandra of Ephesus,Athens,Female,TRUE,FALSE,,,,,,Menandra,,,,FALSE,,,,,
2268,[?] Relative of Mindios Amynos,Athens,Uncertain,TRUE,FALSE,,,,,,,,,,TRUE,,,,,
2269,G. Kl. Titianos,Athens,Male,TRUE,TRUE,,,Gaius,Claudius,,Titianos,Titianos,,,FALSE,,,,,
2270,Philipe Kl. Demostratou,Athens,Female,TRUE,TRUE,Demostratid,Claudii of Melite,,Claudia,,Philipe,Demostratou,Pallene,,FALSE,95,,,,"Wife of Ti. Kl. Nikoteles (93), mother of Kl. Demostratos (94)"
2271,D. Iun. Menneas,Athens,Male,TRUE,TRUE,,,,,,Patron,Menneas,,,FALSE,,,,,
2272,Exegete Patron,Athens,Male,TRUE,FALSE,,,,,,,Patron,Gargettos,,FALSE,,,,,
2273,Phirmus Gargettios,Athens,Male,TRUE,TRUE,,,,Firmus,,Phirmus,Gargettios,,,FALSE,,,,,
2274,D. Iun. Peiraieus,Athens,Male,TRUE,TRUE,,,Decimus,Iunius,,,Peiraieus,Peiraieus,,FALSE,,,,,
2275,Cornelia [?],Athens,Female,FALSE,TRUE,,,,,,Cornelia,Cornelia [?],,,TRUE,,,,,
2276,[?] Relative of Ti. Cl. Lysiades,Athens,Male,TRUE,TRUE,,,,,,,Lysiades,,,TRUE,,,,,
2277,Ail. Praxagoras,Athens,Male,TRUE,TRUE,Praxagorid-Demostratid,Claudii of Melite,,Aelius,,Praxagoras,Themistokleous,Melite,,FALSE,140,,,,"First in the Praxagorid line to hold Daduchy, descended from Themistokles, brother of T. Kl. Lysiades (Lysiades being the second in the Leonid line to hold the daduchy). Paternal grandson of Themistokles"
2278,[?] Daughter of Praxagoras Thorikos,Athens,Female,TRUE,FALSE,Praxagorid-Demostratid,Claudii of Melite,,,,,Praxagorou,Thorikos,,FALSE,9,,,,Mother of Aelius Praxagoras
2279,Kl. Themistokles,Athens,Male,TRUE,TRUE,Leonid,Claudii of Melite,,Claudius,,Themistokles,Leonidou,Melite,,FALSE,156,,,,"Brother to T. Kl. Lysidades, and son to T. Kl. Leonides, founder of Leonid branch"
2280,Klementiane,Athens,Female,TRUE,TRUE,,Arrian,,,,Klementiane,Klementiane,,,FALSE,,,,,
2281,Arrian,Athens,Male,TRUE,TRUE,,Arrian,,,Arrianus,Arrian,,,,FALSE,,,,,
2282,[?] Emperor,Rome,Male,FALSE,TRUE,,Imperial,,,,,,,,FALSE,,,,,
2283,Ana[.]n Krateros,Athens,Male,TRUE,TRUE,,,,,,,,,,FALSE,,,,,
2284,[?] Claudius of Melite,Athens,Male,TRUE,TRUE,,,,,,,,Melite,,TRUE,,,,,
2285,Ti. Kl. Leonides,Athens,Male,TRUE,TRUE,,Claudii of Melite,Tiberius,Claudius,,Leonides,,,,FALSE,,,,,
2286,Sergius Salvidius Scipio Orfitus,Rome,Male,FALSE,TRUE,,,Sergius,Salvidius,Scipio Orfitus,,,,,FALSE,,,,,
2287,Calpurnia L. Lepida,Rome,Female,FALSE,TRUE,,,,Calpurnia,Lepida,,,,,FALSE,,,,,
2288,Sergius Calpurnius Scipio Orfitus,Rome,Male,FALSE,TRUE,,,Sergius,Calpurnius,Scipio Orfitus,,,,,FALSE,,,,,
2289,L. Calpurnius Piso,Rome,Male,FALSE,TRUE,,,Lucius,Calpurnius,Piso,,,,,FALSE,,,,,
2290,P. Ail. Timosthenes,Athens,Male,TRUE,TRUE,,TBD,Publius,Aelius,,Timosthenes,,,,FALSE,,,,,
2291,Ail. Zenonos,Athens,Male,TRUE,TRUE,,TBD,,Aelius,,,Zenonos,,,FALSE,,,,,
2292,Elpinike Atria,Athens,Female,TRUE,TRUE,,Herodian,,,,Elpinike Atria,,,,FALSE,,,,,
2293,Regilla,Rome,Female,TRUE,TRUE,,Herodian,,Regilla,,,,,,FALSE,,,,,
2294,Appius,Rome,Male,FALSE,TRUE,,Herodian,,Appius,,,,,,FALSE,,,,,
2295,T. Kl. Appius Bradoua,Athens,Male,TRUE,TRUE,,Herodian,Tiberius,Claudius,Appius,T,Bradoua,,,FALSE,,,,,
2296,Themistokles Meliteus,Athens,Male,TRUE,FALSE,,Claudii of Melite,,Claudius,,Themistokles,,Melite,,FALSE,157,,,,"Father of Aelius Praxagoras, son of T. Kl. Themistokles who was brother to T. Kl. Lysiades the Daduch and son to T. Kl. Leonides the daduch"
2297,[?] Son of P. Ael. Praxagoras,Athens,Male,TRUE,TRUE,,Claudii of Melite,Publius,Aelius,,,Praxagorou,,,TRUE,,,,,
2298,Fl. Xenion,Athens,Male,TRUE,TRUE,,,,Flavius,,,Xenion,,,FALSE,,,,,
2299,Fl. Zenophilos,Athens,Male,TRUE,TRUE,,TBD,,Flavius,,Zenophilos,,,,FALSE,,,,,
2300,Emperor L. Verus,Rome,Male,FALSE,TRUE,,Imperial,Lucius,Verus,,,,,,FALSE,,,,,
2301,Ail. Kh[?],Other/Uncertain,Uncertain,TRUE,TRUE,,,,Aelius,,,,,,FALSE,,,,,
2302,T. Fl. Hierophant Alkibiadou,Athens,Male,TRUE,TRUE,,Alcibiad,Titus,Flavius,,,Alkibiadou,,,FALSE,,,,,
2303,T. Fl. Alkibiades (II),Athens,Male,TRUE,TRUE,,Alcibiad,Titus,Flavius,,Alkibiades,,Paiania,,FALSE,131,,,,
2304,T. Fl. Leosthenes,Athens,Male,TRUE,TRUE,,Alcibiad,Titus,Flavius,,Leosthenes,,Paiania,,FALSE,129,,,,
2305,T. Fl. Alkibiades (I),Athens,Male,TRUE,TRUE,,Alcibiad,Titus,Flavius,,Alkibiades,,Paiania,,FALSE,127,,,,
2306,Fl. Eisidora,Athens,Female,TRUE,TRUE,,Alcibiad,,Flavia,,Eisidora,,,,FALSE,193,,,,
2307,Fl. Herakleitos,Athens,Male,TRUE,TRUE,,Alcibiad,,Flavia,,Herakleitos,,,,FALSE,133,,,,
2308,Domitia Laodameia,Athens,Female,TRUE,TRUE,,,,Domitia,,Laodameia,,,,FALSE,,,,,
2309,Krateros,Athens,Male,TRUE,FALSE,,,,,,Krateros,,,,FALSE,,,,,
2310,M. Aur. Miltiades,Athens,Male,TRUE,TRUE,,,Marcus,Aurelius,,Miltiades,,,,FALSE,,,,,
2311,Agothokles Marathonios,Athens,Male,TRUE,FALSE,,,,,,Agothokles,,Marathon,,FALSE,,,,,
2312,T. Fl. Euthykomas,Athens,Male,TRUE,TRUE,,Flavii of Paiania,Titus,Flavius,,Euthykomas,,Paiania,,FALSE,141,,,,
2313,T. Fl. Straton II,Athens,Male,TRUE,TRUE,,Flavii of Paiania,Titus,Flavius,,Straton,,Paiania,,FALSE,140,,,,
2314,T. Fl Straton I,Athens,Male,TRUE,TRUE,,Flavii of Paiania,Titus,Flavius,,Straton,,,,FALSE,139,,,,
2315,Fl. [.]krateia,Athens,Female,TRUE,TRUE,,,,Flavia,,,,,,FALSE,,,,,
2316,Pompeia Polla,Athens,Female,TRUE,TRUE,,,,Pompeia,,Polla,,,,FALSE,,,,,
2317,Pompeius Pleistarkhos,Athens,Male,TRUE,TRUE,,,,Pompeius,,Pleistakhos,,,,FALSE,,,,,
2318,T. Fl. Menandros Paianieus,Athens,Male,TRUE,TRUE,,,Titus,Flavius,,Menandros,,Paiania,,FALSE,143,,,,
2319,Xenion,Athens,Male,TRUE,FALSE,,,,,,Xenion,,,,FALSE,,,,,
2320,Severus,Rome,Male,FALSE,TRUE,,,,,,Severus,,,,FALSE,,,,,
2321,M. Iul Apellas,Athens,Male,TRUE,TRUE,,,Marcus,Iulius,,Apellas,,,,FALSE,,,,,
2322,M. Iul. Damianos,Athens,Male,TRUE,TRUE,,,Marcus,Iulius,,Damianos,,,,FALSE,,,,,
2323,Fl. Apella Hypaipenou,Athens,Female,TRUE,TRUE,,,,Flavia,,Apella,Hypaipenou,,,FALSE,,,,,
2324,Fl. Polla,Athens,Female,TRUE,TRUE,,,,Flavia,,Polla,,,,FALSE,,,,,
2325,Xenion,Athens,Male,TRUE,FALSE,,,,,,Xenion,,,,FALSE,,,,,
2326,Iul. Apollodotos Meliteus,Athens,Male,TRUE,TRUE,Theodotid,Claudii of Melite,,Iulius,,Apollodotos,,Melite,,FALSE,48,,,,
2327,Iul. Theodotos,Athens,Male,TRUE,TRUE,Theodotid,Claudii of Melite,,Iulius,,Theodotus,,Melite,,FALSE,50,,,,
2328,Ail. Kephisodora,Athens,Female,TRUE,TRUE,Demostratid-Leonid,Claudii of Melite,,Aelia,,Kephisodora,,,,FALSE,139,,,,Daughter of Kl. Lysiades
2329,Kl. Lysiades,Athens,Male,TRUE,TRUE,Leonid,Claudii of Melite,,Claudius,,Lysiades,,,,FALSE,159,,,,Father of Aelia Kephisodora
2330,Kl. Sospis,Athens,Male,TRUE,TRUE,Leonid,Claudii of Melite,,Claudius,,Sospis,,,,FALSE,164,,,,
2331,Iul. Kephisodora,Athens,Female,TRUE,TRUE,Theodotid-Demostratid-Leon,Claudii of Melite,,Iulia,,Kephisodora,,,,FALSE,52,,,,
2332,M. Iul. Praxis,Athens,Male,TRUE,TRUE,,,Marcus,Iulius,,Praxis,,,,FALSE,,,,,
2333,[?] Emperor,Rome,Male,FALSE,TRUE,,Imperial,,,,,,,,FALSE,,,,,
2334,[Iunia] Melitine,Athens,Female,TRUE,TRUE,,,,Iunia,,,,Melite,,FALSE,,,,,
2335,Isidote Eisaiou,Athens,Female,TRUE,FALSE,,,,,,Isidote,Eisaiou,,,FALSE,,,,,
2336,Eisaios I,Athens,Male,TRUE,FALSE,,,,,,Eisaios,,,,FALSE,,,,,
2337,Eisaios II,Athens,Male,TRUE,FALSE,,,,,,Eisaios,,,,FALSE,,,,,
2338,Emperor Commodous,Rome,Male,FALSE,TRUE,,Imperial,,,Commodus,,,,,FALSE,,,,,
2339,L. Memmius Altar-Priest,Athens,Male,TRUE,TRUE,,TBD,Lucius,Memmius,,,,,,FALSE,,,,,
2340,Fl. Amphikles,Athens,Male,TRUE,TRUE,,,,Flavius,,Amphikles,,,,FALSE,,,,,
2341,Lucilla,Rome,Female,FALSE,TRUE,,Imperial,,,,Lucilla,,,,FALSE,,,,,
2342,Faustina,Rome,Female,FALSE,TRUE,,Imperial,,,,Faustina,,,,FALSE,,,,,
2343,Sabina,Rome,Female,FALSE,TRUE,,Imperial,,,,Sabina,,,,FALSE,,,,,
2344,Faustina II,Rome,Female,FALSE,TRUE,,Imperial,,,,Faustina,,,,FALSE,,,,,
2345,Praxagora Demostratou,Athens,Female,TRUE,FALSE,Praxagorid-Demostratid-Leonid,Claudii of Melite,,,,Praxagora,Demostratou,,,FALSE,,,,,Daughter of Aeilia Philiste and T. Kl. Demostratos (160). Mother of Xenagoras
2346,T. Kl. Demostratos Sospidou,Athens,Male,TRUE,TRUE,Demostratid-Leonid,Claudii of Melite,Tiberius,Claudius,,Demostratos,Sospidou,Melite,,FALSE,Claudius 160,,,,This is the Demostratos who was involved in the civil suit against Herodes Atticus before Marus Aurelius
2347,Ail. Philiste Praxagorou,Athens,Female,TRUE,TRUE,Demostratid-Leonid,Claudii of Melite,,Aelia,,Philiste,Praxagorou,Melite,,FALSE,,,,,This is Aelia Philiste who marries T. Kl. Demostratos  (160) and forms Praxagoris-Demostratid branch (with links through Demostratid-Leonid line too)
2348,Io. Hierophantes,Athens,Male,TRUE,TRUE,,TBD,,Iulius,,,,,,FALSE,,,,,
2349,Aiolion Phlyeos,Athens,Male,TRUE,TRUE,,,,,,Aiolion,,Phyle,,FALSE,,,,,
2350,Ail. Leu. Palleneus,Athens,Male,TRUE,TRUE,,TBD,,Aelius,,,Palleneus,,,FALSE,,,,,
2351,Demosthenes Anthou,Athens,Male,TRUE,FALSE,,,,,,Demosthenes,Anthou,,,FALSE,,,,,
2352,Attikos Anthou,Athens,Male,TRUE,FALSE,,,,,,Attikos,Anthou,,,FALSE,,,,,
2353,[.]iteles,Athens,Male,FALSE,FALSE,,,,,,,,,,TRUE,,,,,
2354,Lo[.],Athens,Male,FALSE,FALSE,,,,,,,,,,TRUE,,,,,
2355,Ai. F[.],Athens,Male,FALSE,FALSE,,,,,,,,,,TRUE,,,,,
2356,Hiero[.],Athens,Male,FALSE,FALSE,,,,,,,,,,TRUE,,,,,
2357,Kl. M[.],Athens,Male,FALSE,FALSE,,,,Claudius,,,,,,TRUE,,,,,
2358,Arist[.],Athens,Male,FALSE,FALSE,,,,,,,,,,TRUE,,,,,
2359,Kletos Epigonou,Athens,Male,TRUE,FALSE,,,,,,Kletos,Epigonou,,,FALSE,,,,,
2360,Dionysios Glaukou,Athens,Male,TRUE,FALSE,,,,,,Dionysios,Glaukou,,,FALSE,,,,,
2361,Kl. Nikephoros,Athens,Male,TRUE,TRUE,,,,Claudius,,Nikephoros,,,,FALSE,,,,,
2362,Megalinos Aphrodisiou,Athens,Male,TRUE,FALSE,,,,,,Megalinos,Aphrodisiou,,,FALSE,,,,,
2363,Khaireas Diogenous,Athens,Male,TRUE,FALSE,,,,,,Khaireas,Diogenous,,,FALSE,,,,,
2364,Aristoboulos Zosimou,Athens,Male,TRUE,FALSE,,,,,,Aristoboulos,Zosimou,,,FALSE,,,,,
2365,Fl. Stephanos,Athens,Male,TRUE,TRUE,,,,Flavius,,Stephanos,,,,FALSE,,,,,
2366,Ai. Markos,Athens,Male,TRUE,TRUE,,,,Aelius,,Markos,,,,FALSE,,,,,
2367,Kl. Serapion,Athens,Male,TRUE,TRUE,,,,Claudius,,Serapion,,,,FALSE,,,,,
2368,Iou. Kaikilianos,Athens,Male,TRUE,TRUE,,,,Iulius,,Kaikilianos,,,,FALSE,,,,,
2369,Timokrates Kaprodorou,Athens,Male,TRUE,FALSE,,,,,,Timokrates,Kaprodorou,,,FALSE,,,,,
2370,Eisidoros Eisidorou,Athens,Male,TRUE,FALSE,,,,,,Eisidoros,Eisidorou,,,FALSE,,,,,
2371,Thrasyboulos Artemonos,Athens,Male,TRUE,FALSE,,,,,,Thrasyboulos,Artemonos,,,FALSE,,,,,
2372,Euripides Preimou,Athens,Male,TRUE,FALSE,,,,,,Euripides,Preimou,,,FALSE,,,,,
2373,Epitunkhanon Epitunkhanonos,Athens,Male,TRUE,FALSE,,,,,,Epitunkhanon,Epitunkhanonos,,,FALSE,,,,,
2374,Onesimos Eiphikratous,Athens,Male,TRUE,FALSE,,,,,,Onesimos,Eiphikratous,,,FALSE,,,,,
2375,P. Herennios Apolloniou,Athens,Male,TRUE,TRUE,TBD,,Publius,Herennius,,,Apolloniou,,,FALSE,,,,,
2376,Ti. Kl. Sospis Lysiadou,Athens,Male,TRUE,TRUE,Leonid,Claudii of Melite,Tiberius,Claudius,,Sospis,Lysiadou,Melite,,FALSE,Claudius 158,,,,"Husband of Kl. Philippe, together they form the Demostratid-Leonid bridge. They sire T. Kl. Lysiades (159), and T. Kl. Demostratos (160), and T. Kl. Leonides (161), and Kl. Philippe (162)"
2377,Aim[.],Athens,Male,FALSE,FALSE,,,,,,,,,,TRUE,,,,,
2378,Aim[.],Athens,Male,FALSE,FALSE,,,,,,,,,,TRUE,,,,,
2379,Titios Molossios Alopekethen,Athens,Male,TRUE,TRUE,,,,Titius,,Molossios,,,,FALSE,,,,,
2380,Khryseros Khryserou,Athens,Male,TRUE,FALSE,,,,,,Khryseros,Khryserou,,,FALSE,,,,,
2381,Dephilos Khareisiou,Athens,Male,TRUE,FALSE,,,,,,Dephilos,Khareisiou,,,FALSE,,,,,
2382,Nikomakhos Mikomakhou,Athens,Male,TRUE,FALSE,,,,,,Nikomakhos,Mikomakhou,,,FALSE,,,,,
2383,Deiphilos Deiphilou,Athens,Male,TRUE,FALSE,,,,,,Deiphilos,Deiphilou,,,FALSE,,,,,
2384,Hygeinos Arkhimhdous,Athens,Male,TRUE,FALSE,,,,,,Hygeinos,Arkhimhdous,,,FALSE,,,,,
2385,Nikostratos Nikiou,Athens,Male,TRUE,FALSE,,,,,,Nikostratos,Nikiou,,,FALSE,,,,,
2386,Emperor Septimius Severus,Rome,Male,FALSE,TRUE,Severan,Imperial,,Septimius,Severus,,,,,FALSE,,,,,
2387,Iul. Domna,Rome,Female,FALSE,TRUE,Severan,Imperial,,Iulia,Domna,,,,,FALSE,,,,,
2388,Kl. Themistoklea,Athens,Female,TRUE,TRUE,Demostratid-Leonid,Claudii of Melite,,Claudia,,Themistoklea,Phillipou,,,FALSE,,,,,"Daughter of Kl. Philippos, daduch"
2389,Kl. Philippos,Athens,Male,TRUE,TRUE,Demostratid-Leonid,Claudii of Melite,,Claudius,,Phillipos,Demostratou,,,FALSE,,,,,Daduch
2390,Kl. Menandra,Athens,Female,TRUE,TRUE,Demostratid-Leonid,Claudii of Melite,,Claudia,,Menandra,Phillipou,,,FALSE,,,,,"Daughter of Kl. Philippos, daduch"
2391,Nikostrate Meneou,Athens,Female,TRUE,FALSE,,,,,,Nikostrate,Meneou,,,FALSE,,,,,
2392,G. Kasios Semakhidai,Athens,Male,TRUE,TRUE,,,Gaius,Casius,,,Semakhidai,Semakhidai,,FALSE,,,,,
2393,Ail. Epilampsis Gelotos,Athens,Female,TRUE,TRUE,,Aelii of Phaleron,,Aelius,,Epilampsis,Gelotos,,,FALSE,14,,,,
2394,Ail. Gelo,Athens,Male,TRUE,TRUE,,Aelii of Phaleron,,Aelius,,Gelos,,,,FALSE,4,,,,
2395,Diokles,Athens,Male,TRUE,FALSE,,Aelii of Phaleron,,,,Diokles,,,,FALSE,,,,,
2396,Ail. Alexandros,Athens,Male,TRUE,TRUE,,Aelii of Phaleron,,Aelius,,Alexandros,,,,FALSE,3,,,,
2397,Ail. Ardys,Athens,Male,TRUE,TRUE,,Aelii of Phaleron,,Aelius,,Ardys,,,,FALSE,7,,,,
2398,Ail. Kallikrates,Athens,Male,TRUE,TRUE,,Aelii of Phaleron,,Aelius,,Kallikrates,,,,FALSE,8,,,,
2399,Ail. Alexandros II,Athens,Male,TRUE,TRUE,,Aelii of Phaleron,,Aelius,,Alexandros,,,,FALSE,11,,,,
2400,Ail Gelo II,Athens,Male,TRUE,TRUE,,Aelii of Phaleron,,Aelius,,Gelos,,,,FALSE,12,,,,
2401,P. Pom. Hegios,Athens,Male,TRUE,TRUE,,Aelii of Phaleron,Publius,Pompeius,,Hegios,,,,FALSE,6,,,,
2402,P. Pom. Hegios II,Athens,Male,TRUE,TRUE,,Aelii of Phaleron,Publius,Pompeius,,Hegios,,,,FALSE,7,,,,
2403,Pom. Epilampsis,Athens,Male,FALSE,TRUE,,Aelii of Phaleron,,Pompeius,,Epilampsis,,,,FALSE,8,,,,
2404,T. Fl. Leosthenes II,Athens,Male,TRUE,TRUE,,Alcibiad,Titus,Flavius,,Leosthenes,,,,FALSE,,,,,
2405,Daughter of T. Fl. Leosthenes II,Athens,Female,TRUE,TRUE,,Alcibiad,,Flavia,,,,,,FALSE,134,,,,
2406,Ail. Sossianos Prospaltios,Athens,Male,TRUE,TRUE,,,,Aelius,Sossianos,Prospaltios,,,,FALSE,,,,,
2407,Glaukos,Athens,Male,TRUE,FALSE,,,,,,Glaukos,,,,FALSE,,,,,
2408,Hagne,Athens,Female,TRUE,FALSE,,,,,,Hagne,,,,FALSE,,,,,
2409,Threption,Athens,Male,TRUE,FALSE,,,,,,Threption,,,,FALSE,,,,,
2410,Tereus,Athens,Male,TRUE,FALSE,,,,,,Tereus,,,,FALSE,,,,,
2411,Hermione,Athens,Female,TRUE,FALSE,,,,,,Hermione,,,,FALSE,,,,,
2412,Eutykhides,Athens,Male,TRUE,FALSE,,,,,,Eutykhides,,,,FALSE,,,,,
2413,Euodos,Athens,Male,TRUE,FALSE,,,,,,Euodos,,,,FALSE,,,,,
2414,Aiskhylos,Athens,Male,TRUE,FALSE,,,,,,Aiskhylos,,,,FALSE,,,,,
2415,Zoeilos,Athens,Male,TRUE,FALSE,,,,,,Zoeilos,,,,FALSE,,,,,
2416,Neokleides,Athens,Male,TRUE,FALSE,,,,,,Neokleides,,,,FALSE,,,,,
2417,Iun. Agathopodos,Athens,Uncertain,TRUE,TRUE,,,,Iunius,,Agathopodos,,,,FALSE,,,,,
2418,Demetrios Apolloniou,Athens,Male,TRUE,FALSE,,,,,,Demetrios,Apolloniou,,,FALSE,,,,,
2419,"Alkamenes, Pyrphoros",Athens,Male,TRUE,FALSE,,,,,,Alkamenes,,,,FALSE,,,,,
2420,[?] Exegete of Eumolpidai,Athens,Male,TRUE,FALSE,,,,,,,,,Eumolpid,TRUE,,,,,
2421,Aristaios,Athens,Male,TRUE,FALSE,,,,,,Aristaios,,,,FALSE,,,,,
2422,[?] High Priest Ti. Kl. Lianou,Athens,Male,TRUE,TRUE,,,Tiberius,Claudius,,,Lianou,,,TRUE,,,,,
2423,[.]mmios,Athens,Male,FALSE,TRUE,,,,,,,,,,TRUE,,,,,
2424,Q. Fronto Marathonios,Rome,Male,TRUE,TRUE,,,Quintus,Fronto,,,,Marathon,,FALSE,,,,,
2425,Lolliane Glaukou,Athens,Female,TRUE,FALSE,,,,,,Lolliane,Glaukou,,,FALSE,,,,,
2426,[?] Claudius,Athens,Male,TRUE,TRUE,,,,Claudius,,,,,,TRUE,,,,,
2427,[?] Exegete,Athens,Male,TRUE,FALSE,,,,,,,,,,TRUE,,,,,
2428,[?] Exegete of Eumolpidai,Athens,Male,TRUE,FALSE,,,,,,,,,Eumolpid,TRUE,,,,,
2429,Praxagoras? Of Melite,Athens,Male,TRUE,FALSE,,,,,,Praxagoras,,Melite,Keryx,FALSE,,,,,
2430,[Epaphro]dit[as]?,Athens,Male,TRUE,FALSE,,,,,,Epaphroditas,,,,FALSE,,,,,
2431,"Poll[io]n[a?], Hearth-Initiate",Athens,Female,TRUE,TRUE,,,,,,Pollonia,,,,FALSE,,,,,
2432,Son or Daughter of a [N]um[ius],Athens,Uncertain,TRUE,TRUE,,,,,,,,,,FALSE,,,,,
2433,[A]thenago[ras],Athens,Male,TRUE,FALSE,,,,,,Athenagoras,,,,FALSE,,,,,
2434,T. Fl. Ateimetos Peiraieus,Athens,Male,TRUE,TRUE,,,Titus,Flavius,,Ateimetos,,Peiraieus,,FALSE,,,,,
2435,T. Fl. Agathonos Peiraieus,Athens,Male,TRUE,TRUE,,,Titus,Flavius,,Agathonos,,Peiraieus,,FALSE,,,,,
2436,Onesime Papiou,Athens,Female,TRUE,FALSE,,,,,,Onesime,Papiou,,,FALSE,,,,,
2437,Oapiou Onesimou,Athens,Male,TRUE,FALSE,,,,,,Oapiou,Onesimou,,,FALSE,,,,,
2438,Onesimou Besaieus,Athens,Male,TRUE,FALSE,,,,,,Onesimou,Besaieus,Besa,,FALSE,,,,,
2439,Sabeiniane Hamillo,Athens,Female,TRUE,TRUE,,TBD,,,,Sabeiniane,Hamillo,,,FALSE,,,,,
2440,Thoinos,Athens,Male,TRUE,FALSE,,,,,,Thoinos,,,,FALSE,,,,,
2441,Ariston,Athens,Male,TRUE,FALSE,,,,,,Ariston,,,,FALSE,,,,,
2442,Andreas,Athens,Male,TRUE,FALSE,,,,,,Andreas,,,,FALSE,,,,,
2443,[?] Daughter of Pythokhrestos Exegete,Athens,Female,TRUE,FALSE,,,,,,,,,,TRUE,,,,,
2444,Herennios,Athens,Male,TRUE,FALSE,,,,Herennius,,,,,,FALSE,,,,,
2445,[?] Daughter of Kyklobols Hagnousios,Athens,Female,TRUE,FALSE,,,,,,,Kykobolou,Hagnous,,FALSE,,,,,
2446,[?] Memmius,Athens,Male,TRUE,TRUE,,,,Memmius,,,,,,FALSE,,,,,
2447,Pompeia A[.],Athens,Female,TRUE,TRUE,,,,Pompeia,,,,,,FALSE,,,,,
2448,[?] Emperor,Rome,Male,FALSE,FALSE,,Imperial,,,,,,,,TRUE,,,,,
2449,P. Ail. [.],Athens,Uncertain,TRUE,TRUE,,,Publius,Aelius,,,,,,FALSE,,,,,
2450,Apollonios Sphettios,Athens,Male,TRUE,FALSE,,,,,,Apollonios,,Sphettos,,FALSE,,,,,
2451,Lysiades,Athens,Male,TRUE,FALSE,,TBD,,,,Lysiades,Lysiades,,,FALSE,,,,,
2452,P. Ail. Herennia P. Ail. Apolloniou,Athens,Female,TRUE,TRUE,,TBD,Publia,Aelia,,Herennia,Apolloniou,,,FALSE,,,,,
2453,P. Ail Apollonios,Athens,Male,TRUE,TRUE,,TBD,Publius,Aelius,,Apollonios,,,,FALSE,,,,,
2454,P. Ail. Herennia,Athens,Female,TRUE,TRUE,,TBD,Publia,Aelia,,Herennia,,,,FALSE,,,,,
2455,Konon,Athens,Male,TRUE,FALSE,,,,,,Konon,,,,FALSE,,,,,
2456,Kallimakhos,Athens,Male,TRUE,FALSE,,,,,,Kallimakhos,,,,FALSE,,,,,
2457,P. Ail. Dionysios,Athens,Male,TRUE,TRUE,Dionysiads,Aelii of Pallene,Publius,Aelius,,Dionysios,,,,FALSE,55,,,,"Supposed ally of Herodes, involved in litigration in front of Marcus Aurelius about his tenure. He was the one candidate to intervene in the Claudii's tenure."
2458,[?] Grandson of Ti. Kl. Sospis,Athens,Male,TRUE,TRUE,Demostratid-Leonid,Claudii of Melite,,,,,,,,TRUE,,,,,
2459,Ti. Kl. Lysiades Leonidou,Athens,Male,TRUE,TRUE,Leonid,Claudii of Melite,Tiberius,Claudius,,Lydiades,Leonidou,Melite,,FALSE,155,,,,"Son of T. Kl. Leonides (154), second Leonid to hold Daduchy"
2460,Ti. Kl. Leonides Lysiadou,Athens,Male,TRUE,TRUE,Leonid,Claudii of Melite,Tiberius,Claudius,,Leonides,Lysiadou,Melite,,FALSE,154,,,,"Father of  T. Kl Lysidaes (155). Founder of Leonid Line, first to hold the daduchy"
2461,Sekoundos the Eumolpid,Rome,Male,TRUE,TRUE,,,,,Secundus,,,,Eumolpid,FALSE,,,,,
2462,Attikos Eudoxou,Athens,Male,TRUE,FALSE,,,,,,Attikos,Eudoxou,,,FALSE,,,,,
2463,M. Aur. Prosdektos Pistokrates,Athens,Male,TRUE,TRUE,,,Marcus,Aurelius,Prosdektos,Pistokrates,,,,FALSE,,,,,
2464,M Gavius Gallicanus,Rome,Male,FALSE,TRUE,,,Marcus,Gavius,Gallicanus,,,,,FALSE,,,,,
2465,M Gavius Scyillus,Rome,Male,FALSE,TRUE,,,Marcus,Gavius,,Skillos,,,,FALSE,,,,,
2466,M. Gavius Skyillos II,Rome,Male,FALSE,TRUE,,,Marcus,Gavius,,Skillos,,,,FALSE,,,,,
2467,P. Herennios Ptolemaios P. Herenniou,Athens,Male,TRUE,TRUE,,TBD,Publius,Herennius,,Ptolemaios,Herenneiou,,,FALSE,,,,,
2468,Xenagoras II  Xenagorou,Athens,Male,TRUE,FALSE,,TBD,,,,Xenagoras,Xenagorou,,,FALSE,,,,,
2469,Xenagoras I,Athens,Male,TRUE,FALSE,,TBD,,,,Xenagoras,,,,FALSE,,,,,
2470,Praxagora [?],Athens,Female,TRUE,FALSE,,TBD,,,,Praxagora,,,,FALSE,,,,,
2471,Licinius Kallistomakhos,Athens,Male,TRUE,TRUE,,,Licinius,,,Kallistomakhos,,,,FALSE,,,,,
2472,Kl. Kallistomakhos,Athens,Male,TRUE,TRUE,,,Claudius,,,Kallistomakhos,,,,FALSE,,,,,
2473,Carracalla,Rome,Male,FALSE,TRUE,Severan,Imperial,,Carracalla,,,,,,FALSE,,,,,
2474,Geta,Rome,Male,FALSE,TRUE,Severan,Imperial,,Geta,,,,,,FALSE,,,,,
2475,Fl. Plautianos,Athens,Male,TRUE,TRUE,,,,Flavius,,Plautianos,,,,FALSE,,,,,
2476,Hierophant Apollinarios,Athens,Male,TRUE,FALSE,,TBD,,,,Apollinarios,,,,FALSE,,,,,
2477,Kl. Menandra II,Athens,Female,TRUE,TRUE,,TBD,,,,Menandra,,,,FALSE,,,,,
2478,Roupheina,Rome,Female,FALSE,TRUE,,,,Rufina,,,,,,FALSE,,,,,
2479,Iul. Mousonios,Athens,Male,TRUE,TRUE,,,,Iulius,,Mousonios,,,,FALSE,,,,,
2480,Iul. Hierokeryx,Athens,Male,TRUE,TRUE,,,,Iulius,,,,,,FALSE,,,,,
2481,Ptolemais Serenou of Gaza,Athens,Male,TRUE,FALSE,,,,,,Ptolemais,Serenou,,,FALSE,,,,,
2482,Aur. Magna,Athens,Female,TRUE,TRUE,,,,Aurelia,,Magna,Magna,,,FALSE,,,,,
2483,Hermione II,Athens,Female,TRUE,FALSE,,,,,,Hermione,,,,FALSE,,,,,
2484,Aur. Epaphrodeitos Asklepiadou,Athens,Male,TRUE,TRUE,,,,Aurelius,,Epaphrodeitos,Asklepiadou,,,FALSE,,,,,
2485,Aur. Magna II Magnou,Athens,Female,TRUE,TRUE,,,,Aurelia,,Magna,Magnou,,,FALSE,,,,,
2486,Aur. Paramona Paramonou,Athens,Female,TRUE,TRUE,,,,Aurelia,,Paramona,Paramonou,,,FALSE,,,,,
2487,Aur. Deidameia,Athens,Female,TRUE,TRUE,,,,Aurelia,,Deidameia,,,,FALSE,,,,,
2488,Apollonios Apolloniou II,Athens,Male,TRUE,TRUE,,,,,,Apollonios,Apolloniou,,,FALSE,,,,,
2489,Arabianus,Athens,Male,FALSE,TRUE,,,,,Arabianus,,,,,FALSE,,,,,
2490,Eutykhos,Athens,Male,TRUE,FALSE,,,,,,Eutykhos,,,,FALSE,,,,,
2491,Dryantianos,Athens,Male,TRUE,FALSE,,,,,,Dryantianos,,,,FALSE,,,,,
2492,Honoratiane Polykharmis Polykharmou,Athens,Female,TRUE,TRUE,Demostratid-Leonid,Claudii of Melite,,Honoratiane,,Polykharmis,Polykharmou,,,FALSE,,,,,
2493,Fabius [.],Other/Uncertain,Uncertain,FALSE,TRUE,,,,Fabius,,,,,,TRUE,,,,,
2494,Flavia Prokleiane,Athens,Female,TRUE,TRUE,,,,Flavia,,Prokleiane,,,,FALSE,,,,,
2495,Fabius Demetrios,Athens,Male,TRUE,TRUE,,,,Fabius,,Demetrios,,,,FALSE,,,,,
2496,Fabius Aemelianos,Athens,Male,TRUE,TRUE,,,,Fabius,Aemilianus,,,,,FALSE,,,,,
2497,Fabius Proclus,Athens,Male,TRUE,TRUE,,,,Fabius,Proclus,,,,,FALSE,,,,,
2498,Eunnike Kallaiskhros,Athens,Female,TRUE,FALSE,,,,,,Eunnike,Kallaiskhrou,,,FALSE,,,,,
2499,Sedata,Athens,Male,FALSE,FALSE,,,,,,Sedata,,,,FALSE,,,,,
2500,Polyzelos Xeinagorou,Athens,Male,TRUE,FALSE,,,,,,Polyzelos,Xeiagorou,,,FALSE,,,,,
2501,Hermippis,Athens,Male,TRUE,FALSE,,,,,,Hermippis,,,,FALSE,,,,,
2502,M. Ulpius Eubiotos Leuros Gargettios,Athens,Male,TRUE,TRUE,,,Marcus,Ulpius,,Eubiotos,Leuros,Gargettos,,FALSE,,,,,
2503,Casianus Hierokeryx,Athens,Male,TRUE,TRUE,,,,Casianus,,Casianus,Hierokeryx,,,FALSE,,,,,
2504,T. Fl. Glaukos Glaukou,Athens,Male,TRUE,TRUE,,,Titus,Flavius,,Glaukos,Glakou,,,FALSE,,,,,
2505,Emperor Maximinus,Rome,Male,FALSE,TRUE,,,,Maximinus,,,,,,FALSE,,,,,
2506,Iun. Themistoklea Polykharmidos,Athens,Female,TRUE,TRUE,Polycharmid-Demostratid-Leonid,Claudii of Melite,,Iuniua,,Themistoklea,Polkharmidos,,,FALSE,,,,,
2507,Perikles,Athens,Male,TRUE,FALSE,,,,,,Perikles,,,,FALSE,,,,,
2508,Alexander the Great,Athens,Male,TRUE,FALSE,,,,,,Alexander,,,,FALSE,,,,,
2509,[?] Hierophant,Athens,Male,TRUE,FALSE,,,,,,,,,,TRUE,,,,,
2510,[?] Daughter of Glaukos,Athens,Female,TRUE,FALSE,,,,,,,Glaukou,,,TRUE,,,,,
2511,"Nikagoras, Hierokeryx",Athens,Male,TRUE,FALSE,,,,,,Nikagoras,,,,FALSE,,,,,
2512,Plutarch,Boiotia,Male,FALSE,TRUE,,,,,,Plutarch,,,,FALSE,,,,,
2513,Sextus,Boiotia,Male,FALSE,TRUE,,,,,,Sextus,,,,FALSE,,,,,
2514,Dionysia Hermippidos,Athens,Female,TRUE,FALSE,,,,,,Dionysia,Hermippidos,,,FALSE,,,,,
2515,[?] Relative of an Orator,Other/Uncertain,Uncertain,FALSE,FALSE,,,,,,,,,,TRUE,,,,,
2516,"T. Fl., Altar-Priest",Athens,Male,TRUE,TRUE,Titii Flavii of Acharnai,,Titus,Flavius,,,,Akharnai,,FALSE,,,,,116
2517,"Aerarius Sosipatros, Daduch",Athens,Male,TRUE,TRUE,,,,Aerarius,,Sosipatros,,,,FALSE,,,,,
2518,Damoteles,Athens,Male,TRUE,FALSE,,,,,,Damoteles,,,,FALSE,,,,,
2519,Thisbianos,Athens,Male,TRUE,FALSE,,,,,,Thisbianos,,,,FALSE,,,,,
2520,Emperor Gallienus,Rome,Male,FALSE,TRUE,,,,Gallienus,,,,,,FALSE,,,,,
2521,Iun. Minucianus,Rome,Male,FALSE,TRUE,,,Iunius,Minucianus,,,,,,FALSE,,,,,
2522,P. Ail. Herennius Dexippos,Athens,Male,TRUE,TRUE,,,Publius,Aelius,Herennius,Dexippos,,,,FALSE,,,,,
2523,Pyrros,Athens,Male,TRUE,FALSE,,,,,,Pyrros,,,,FALSE,,,,,
2524,Roupheinos,Athens,Male,TRUE,TRUE,,,,Rufinus,,,,,,FALSE,,,,,
2525,Eunike Kallaiskhrou,Athens,Male,TRUE,FALSE,,,,,,Eunike,Kallaiskhrou,,,FALSE,,,,,
2526,Thaleia,Athens,Female,TRUE,FALSE,,,,,,Thaleia,,,,FALSE,,,,,
2527,Kallaiskhros,Athens,Male,TRUE,FALSE,,,,,,Kallaiskhros,,,,FALSE,,,,,
2528,Eisaios,Athens,Male,TRUE,FALSE,,,,,,Eisaios,,,,FALSE,,,,,
2529,Isidote,Athens,Female,TRUE,FALSE,,,,,,Isidote,,,,FALSE,,,,,
2530,Zoilos,Athens,Male,TRUE,FALSE,,,,,,Zoilos,,,,FALSE,,,,,
2531,Hierophant Glaukos,Athens,Male,TRUE,FALSE,,,,,,Glaukos,,,,FALSE,,,,,
2532,Emperor Diocletian,Rome,Male,FALSE,TRUE,,,,Diocletian,,,,,,FALSE,,,,,
2533,Emperor Maximianus,Rome,Male,FALSE,TRUE,,,,Maximianus,,,,,,FALSE,,,,,
2534,[?] Proconsul,Rome,Male,FALSE,TRUE,,,,,,,,,,TRUE,,,,,
2535,[?] Ptolemaios,Athens,Male,TRUE,FALSE,,,,,,,,,,TRUE,,,,,
2536,[?] Exegete of Eumolpidai?,Athens,Male,TRUE,FALSE,,,,,,,,,,TRUE,,,,,
2537,Gn. [?],Athens,Male,FALSE,TRUE,,,,,,,,,,TRUE,,,,,
2538,Epigonos ,Athens,Male,TRUE,FALSE,,,,,,Epigonos,,,,FALSE,,,,,
2539,Artemisia,Athens,Male,TRUE,FALSE,,,,,,Artemisia,,,,FALSE,,,,,
2540,[?] Emperor,Rome,Male,FALSE,TRUE,,,,,,,,,,TRUE,,,,,
2541,T. Kl. Hierophantes Kallikratidou Trikorysios,Athens,Male,TRUE,TRUE,,,Tiberius,Claudius,,,Kallikratidou,Trikorysios,,FALSE,,,,,
2542,Xenokles Sophokleou Akharneus,Athens,Male,TRUE,FALSE,,,,,,Xenokles,Sophokleou,Akharnai,,FALSE,,,,,
2543,Theophratos of Hagnous,Athens,Male,TRUE,FALSE,,,,,,Theophrastos,Kephisodorou,Hagnous,,FALSE,,,,,
